<?xml version="1.0" encoding="utf-8" standalone="yes" ?>
<rss version="2.0" xmlns:atom="http://www.w3.org/2005/Atom">
  <channel>
    <title>t | Seminar in Cognitive Modelling</title>
    <link>https://eco.ppls.ed.ac.uk/~nbramley/msc/scm23/tag/t/</link>
      <atom:link href="https://eco.ppls.ed.ac.uk/~nbramley/msc/scm23/tag/t/index.xml" rel="self" type="application/rss+xml" />
    <description>t</description>
    <generator>Wowchemy (https://wowchemy.com)</generator><language>en-us</language><lastBuildDate>Sat, 01 Jul 2023 09:58:49 +0100</lastBuildDate>
    <image>
      <url>https://eco.ppls.ed.ac.uk/~nbramley/msc/scm23/media/icon_huc79e2fc44413a67bc233ec068ab552e1_1379979_512x512_fill_lanczos_center_3.png</url>
      <title>t</title>
      <link>https://eco.ppls.ed.ac.uk/~nbramley/msc/scm23/tag/t/</link>
    </image>
    
    <item>
      <title>Representation</title>
      <link>https://eco.ppls.ed.ac.uk/~nbramley/msc/scm23/projects/representation/</link>
      <pubDate>Sat, 01 Jul 2023 09:58:49 +0100</pubDate>
      <guid>https://eco.ppls.ed.ac.uk/~nbramley/msc/scm23/projects/representation/</guid>
      <description>&lt;p&gt;Cognitive Science is the science of mental representations and processes. But what &lt;em&gt;are&lt;/em&gt; representations?&lt;/p&gt;
&lt;h2 id=&#34;primary-readings&#34;&gt;Primary Readings&lt;/h2&gt;
&lt;p&gt;Everyone should read these and be prepared to discuss:&lt;/p&gt;
&lt;table&gt;
&lt;thead&gt;
&lt;tr&gt;
&lt;th style=&#34;text-align:center&#34;&gt;&lt;/th&gt;
&lt;th style=&#34;text-align:left&#34;&gt;&lt;/th&gt;
&lt;/tr&gt;
&lt;/thead&gt;
&lt;tbody&gt;
&lt;tr&gt;
&lt;td style=&#34;text-align:center&#34;&gt;
  &lt;i class=&#34;fas fa-scroll  pr-1 fa-fw&#34;&gt;&lt;/i&gt; Markman, A.B. (1998)&lt;/td&gt;
&lt;td style=&#34;text-align:left&#34;&gt;&lt;details&gt;
  &lt;summary&gt;Knowledge Representation: Chapter One (on learn)&lt;/summary&gt;
  &lt;p&gt;&lt;i class=&#34;fas fa-chalkboard-teacher  pr-1 fa-fw&#34;&gt;&lt;/i&gt; Pop out notes with a chalkboard item are guides from your instructors. This reading is on Learn.&lt;/p&gt;
&lt;!-- 
  &lt;i class=&#34;fas fa-robot  pr-1 fa-fw&#34;&gt;&lt;/i&gt; The chapter focuses on mental representations and their role in understanding cognitive processes. It explores different ways of thinking about mental entities and their representation, such as goals, beliefs, and concepts, as well as processes like retrieval and reasoning. The chapter also discusses the role of logical reasoning and its application in tasks such as the Wason selection task. Additionally, the chapter explores the concept of representation in relation to temperature. It discusses different analog and symbolic representations and their limitations. The chapter also examines the issue of intentionality and the interpretation of representations in cognitive systems. --&gt;
&lt;/details&gt;&lt;/td&gt;
&lt;/tr&gt;
&lt;tr&gt;
&lt;td style=&#34;text-align:center&#34;&gt;
  &lt;i class=&#34;fas fa-scroll  pr-1 fa-fw&#34;&gt;&lt;/i&gt; Tolman, E.C. (1948)&lt;/td&gt;
&lt;td style=&#34;text-align:left&#34;&gt;Cognitive maps in rats and men. &lt;em&gt;Image and Environment: Cognitive Mapping and Spatial Behavior&lt;/em&gt;, 1948, 27-50.&lt;/td&gt;
&lt;/tr&gt;
&lt;/tbody&gt;
&lt;/table&gt;
&lt;!-- &lt;details&gt;
  &lt;summary&gt;&lt;/summary&gt;
  This passage discusses the concept of cognitive maps in rats and humans. It explores different viewpoints on the formation and use of these mental maps. The passage describes experiments with rats in maze navigation and how their behavior changes over time as they learn to find food more efficiently. It also discusses different schools of thought in animal psychology, with some advocating for purely stimulus-response connections and others arguing for the involvement of strengthened connections. The passage highlights the importance of determining whether cognitive maps are narrow or comprehensive and discusses the implications of these maps for animal behavior. It also describes studies that support the theory of learning involving the development of cognitive maps. Overall, the passage provides insights into the understanding of cognitive mapping abilities in rats and its implications for human behavior.
&lt;/details&gt; --&gt;
&lt;h2 id=&#34;additional-readings&#34;&gt;Additional Readings&lt;/h2&gt;
&lt;p&gt;The presenter should read and incorporate these:&lt;/p&gt;
&lt;table&gt;
&lt;thead&gt;
&lt;tr&gt;
&lt;th style=&#34;text-align:center&#34;&gt;&lt;/th&gt;
&lt;th style=&#34;text-align:left&#34;&gt;&lt;/th&gt;
&lt;/tr&gt;
&lt;/thead&gt;
&lt;tbody&gt;
&lt;tr&gt;
&lt;td style=&#34;text-align:center&#34;&gt;
  &lt;i class=&#34;fas fa-scroll  pr-1 fa-fw&#34;&gt;&lt;/i&gt; Larkin &amp;amp; Simon (1987)&lt;/td&gt;
&lt;td style=&#34;text-align:left&#34;&gt;&lt;details&gt;
  &lt;summary&gt;Why a Diagram is (Sometimes) Worth 10,000 Words. &lt;em&gt;Cognitive Science&lt;/em&gt;, 11, 65-99.&lt;/summary&gt;
  &lt;p&gt;&lt;i class=&#34;fas fa-chalkboard-teacher  pr-1 fa-fw&#34;&gt;&lt;/i&gt;Pop out notes with a robot icon are automatically generated paper summaries. So take them with a grain of salt!&lt;/p&gt;
&lt;p&gt;&lt;i class=&#34;fas fa-robot  pr-1 fa-fw&#34;&gt;&lt;/i&gt; The article discusses the advantages of using diagrammatic representations in problem-solving. Diagrams can convey implicit information more efficiently than sentential representations. The authors examine the computational efficiency and effectiveness of both types of representations in solving mathematical and physics problems. They argue that diagrams provide explicit information at a single location, enabling smoother problem-solving processes with reduced need for search and computation.&lt;/p&gt;

&lt;/details&gt;&lt;/td&gt;
&lt;/tr&gt;
&lt;tr&gt;
&lt;td style=&#34;text-align:center&#34;&gt;
  &lt;i class=&#34;fas fa-scroll  pr-1 fa-fw&#34;&gt;&lt;/i&gt; van Gelder, T. (1995)&lt;/td&gt;
&lt;td style=&#34;text-align:left&#34;&gt;&lt;details&gt;
  &lt;summary&gt;What Might Cognition Be, If Not Computation? &lt;em&gt;The Journal of Philosophy&lt;/em&gt;, 92(7), 345-381.&lt;/summary&gt;
  &lt;i class=&#34;fas fa-robot  pr-1 fa-fw&#34;&gt;&lt;/i&gt; In this article, the author challenges the dominant computational view of cognition and explores alternative explanations for cognitive processes. The author discusses various research programs, such as connectionism, neurocomputational approaches, and ecological psychology, that offer different conceptions of cognition.
&lt;/details&gt;&lt;/td&gt;
&lt;/tr&gt;
&lt;/tbody&gt;
&lt;/table&gt;
&lt;!-- | 
  &lt;i class=&#34;fas fa-scroll  pr-1 fa-fw&#34;&gt;&lt;/i&gt; Gardner, H. (1985) | &lt;details&gt;
  &lt;summary&gt;The Mind&amp;rsquo;s New Science: A history of the cognitive revolution Chapter One (on Learn)&lt;/summary&gt;
  &lt;i class=&#34;fas fa-robot  pr-1 fa-fw&#34;&gt;&lt;/i&gt; The passage introduces the book &amp;ldquo;The Mind&amp;rsquo;s New Science&amp;rdquo; and provides a brief overview of its content. The book focuses on current cognitive-scientific work and aims to explore fundamental philosophical questions. The author highlights the importance of resolving the computational paradox and meeting the cognitive challenge for the future of cognitive science. The book also discusses the historical background of cognitive science, dating back to classical times, and its emergence as a recognized pursuit in the last few decades.
&lt;/details&gt;| --&gt;
&lt;h2 id=&#34;questions-under-discussion&#34;&gt;Questions under discussion&lt;/h2&gt;
&lt;ul&gt;
&lt;li&gt;What was the cognitive revolution?&lt;/li&gt;
&lt;li&gt;What are representations?&lt;/li&gt;
&lt;li&gt;What evidence do we have for cognitive representations?&lt;/li&gt;
&lt;/ul&gt;
</description>
    </item>
    
    <item>
      <title>Concepts</title>
      <link>https://eco.ppls.ed.ac.uk/~nbramley/msc/scm23/projects/concepts/</link>
      <pubDate>Sat, 01 Jul 2023 09:58:49 +0100</pubDate>
      <guid>https://eco.ppls.ed.ac.uk/~nbramley/msc/scm23/projects/concepts/</guid>
      <description>&lt;p&gt;“&lt;em&gt;Concepts are the glue that holds our mental world together&lt;/em&gt;” (Murphy, 2002, p1).&lt;/p&gt;
&lt;p&gt;This session will explore recent attempts to model the structure of human concepts. This will involve engaging with a historical debate and distinction between more &amp;ldquo;statistical&amp;rdquo; and more &amp;ldquo;rule-based&amp;rdquo; models and their implications but also thinking about how our concepts relate to how we categorize things but also how we think and generate new ideas.&lt;/p&gt;
&lt;h2 id=&#34;primary-readings&#34;&gt;Primary Readings&lt;/h2&gt;
&lt;p&gt;Everyone should read these and be prepared to discuss.&lt;/p&gt;
&lt;table&gt;
&lt;thead&gt;
&lt;tr&gt;
&lt;th style=&#34;text-align:center&#34;&gt;&lt;/th&gt;
&lt;th style=&#34;text-align:left&#34;&gt;&lt;/th&gt;
&lt;/tr&gt;
&lt;/thead&gt;
&lt;tbody&gt;
&lt;tr&gt;
&lt;td style=&#34;text-align:center&#34;&gt;
  &lt;i class=&#34;fas fa-scroll  pr-1 fa-fw&#34;&gt;&lt;/i&gt; Murphy, G. L. (2002)&lt;/td&gt;
&lt;td style=&#34;text-align:left&#34;&gt;Chapter 2, &lt;em&gt;The big book of concepts&lt;/em&gt;. MIT Press (On Learn)&lt;/td&gt;
&lt;/tr&gt;
&lt;tr&gt;
&lt;td style=&#34;text-align:center&#34;&gt;
  &lt;i class=&#34;fas fa-scroll  pr-1 fa-fw&#34;&gt;&lt;/i&gt; Goodman, N. D., Tenenbaum, J. B., Feldman, J., &amp;amp; Griffiths, T. L. (2008)&lt;/td&gt;
&lt;td style=&#34;text-align:left&#34;&gt;A rational analysis of rule‐based concept learning. &lt;em&gt;Cognitive Science&lt;/em&gt;, 32(1), 108-154.&lt;/td&gt;
&lt;/tr&gt;
&lt;/tbody&gt;
&lt;/table&gt;
&lt;h2 id=&#34;secondary-readings&#34;&gt;Secondary Readings&lt;/h2&gt;
&lt;p&gt;The presenter should read and incorporate these.&lt;/p&gt;
&lt;table&gt;
&lt;thead&gt;
&lt;tr&gt;
&lt;th style=&#34;text-align:center&#34;&gt;&lt;/th&gt;
&lt;th style=&#34;text-align:left&#34;&gt;&lt;/th&gt;
&lt;/tr&gt;
&lt;/thead&gt;
&lt;tbody&gt;
&lt;tr&gt;
&lt;td style=&#34;text-align:center&#34;&gt;
  &lt;i class=&#34;fas fa-scroll  pr-1 fa-fw&#34;&gt;&lt;/i&gt; Lake, B. M., Salakhutdinov, R., &amp;amp; Tenenbaum, J. B. (2015).&lt;/td&gt;
&lt;td style=&#34;text-align:left&#34;&gt;&lt;details&gt;
  &lt;summary&gt;Human-level concept learning through probabilistic program induction. &lt;em&gt;Science&lt;/em&gt;, 350(6266), 1332-1338.&lt;/summary&gt;
  &lt;p&gt;&lt;i class=&#34;fas fa-robot  pr-1 fa-fw&#34;&gt;&lt;/i&gt;&lt;/p&gt;
&lt;p&gt;The article highlights two aspects of human conceptual knowledge that have eluded machine systems: the ability to learn new concepts from just one or a few examples, and the ability to learn rich and flexible representations. The authors propose the Bayesian Program Learning (BPL) framework, which can learn a wide range of visual concepts from just a single example and generalize in ways that are similar to human behavior. BPL represents concepts as stochastic programs and utilizes compositionality, causality, and learning to learn as key ideas.&lt;/p&gt;
&lt;p&gt;The authors present a computational model that captures these human learning abilities specifically for simple visual concepts, using handwritten characters from different alphabets as examples. The model represents concepts as simple programs that best explain observed examples, using a Bayesian criterion. In a one-shot classification task, the model achieves human-level performance and outperforms recent deep learning approaches. The model&amp;rsquo;s creative generalization abilities are tested through several &amp;ldquo;visual Turing tests,&amp;rdquo; which show that in many cases, the model&amp;rsquo;s behavior is indistinguishable from human behavior.&lt;/p&gt;
&lt;p&gt;&lt;i class=&#34;fas fa-chalkboard-teacher  pr-1 fa-fw&#34;&gt;&lt;/i&gt; This is the first really modern modelling paper on the reading list. It showcases the power of hierarchical Bayesian program induction as a theory of conceptual structure. In being based in symbolic rules/programs, it is a successor to Goodman et al (2008), but  the domain is much more naturalistic and the computational cost of fitting this model is far higher. Note also the differences in writing style compared to the classic papers, e.g. compressed, concise, visual, snappy but key details in an appendix.&lt;/p&gt;

&lt;/details&gt;&lt;/td&gt;
&lt;/tr&gt;
&lt;tr&gt;
&lt;td style=&#34;text-align:center&#34;&gt;
  &lt;i class=&#34;fas fa-scroll  pr-1 fa-fw&#34;&gt;&lt;/i&gt; Shepard, R. N., Hovland, C. I. and Jenkins, H. M. (1961)&lt;/td&gt;
&lt;td style=&#34;text-align:left&#34;&gt;&lt;details&gt;
  &lt;summary&gt;Learning and Memorization of Classifications. &lt;em&gt;Psychological Monographs: General and Applied&lt;/em&gt;, 75(13), 1.&lt;/summary&gt;
  &lt;p&gt;&lt;i class=&#34;fas fa-robot  pr-1 fa-fw&#34;&gt;&lt;/i&gt; The study includes a series of experiments that investigate the learning and memorization of different types of classifications. The results show that the structure of the classification and the complexity of the rules involved affect the difficulty of the task. Overall, the study provides insights into the factors that determine the difficulty of learning and remembering classifications. It highlights the importance of considering the structure of the classification, the complexity of the rules, and the use of different stimuli in understanding the learning and memorization process.&lt;/p&gt;
&lt;p&gt;&lt;i class=&#34;fas fa-chalkboard-teacher  pr-1 fa-fw&#34;&gt;&lt;/i&gt; The experiments in this paper are long and complicated but what makes it famous is the way Shepard visualizes concepts/classification rules of different complexity (i.e. Figures 2 and 3). These visualizations and the logic behind them are widely used in categorization research and teaching today.&lt;/p&gt;

&lt;/details&gt;&lt;/td&gt;
&lt;/tr&gt;
&lt;/tbody&gt;
&lt;/table&gt;
&lt;h2 id=&#34;questions-under-discussion&#34;&gt;Questions under discussion&lt;/h2&gt;
&lt;ul&gt;
&lt;li&gt;How do concepts relate to categories?&lt;/li&gt;
&lt;li&gt;What about to previous topics? e.g. Are concepts representations?&lt;/li&gt;
&lt;/ul&gt;
</description>
    </item>
    
    <item>
      <title>Objects &amp; Events</title>
      <link>https://eco.ppls.ed.ac.uk/~nbramley/msc/scm23/projects/objects/</link>
      <pubDate>Sat, 01 Jul 2023 09:58:49 +0100</pubDate>
      <guid>https://eco.ppls.ed.ac.uk/~nbramley/msc/scm23/projects/objects/</guid>
      <description>&lt;p&gt;Light hits our eyes  and somehow we perceive 3 dimensional &amp;lsquo;objects&amp;rsquo;.
What is an object?
In representational systems like programming languages, objects are core structure.
Is the same true for our cognitive system? Are objects learned or innate?&lt;/p&gt;
&lt;p&gt;Similar to object, events seem like a great candidate for an ontological type. Formal semanticists have illustrated time and time again that they are important for explaining language. But are events core conceptual knowledge?&lt;/p&gt;
&lt;h2 id=&#34;primary-readings&#34;&gt;Primary Readings&lt;/h2&gt;
&lt;p&gt;Everyone should read these and be prepared to discuss.&lt;/p&gt;
&lt;table&gt;
&lt;thead&gt;
&lt;tr&gt;
&lt;th style=&#34;text-align:center&#34;&gt;&lt;/th&gt;
&lt;th style=&#34;text-align:left&#34;&gt;&lt;/th&gt;
&lt;/tr&gt;
&lt;/thead&gt;
&lt;tbody&gt;
&lt;tr&gt;
&lt;td style=&#34;text-align:center&#34;&gt;
  &lt;i class=&#34;fas fa-scroll  pr-1 fa-fw&#34;&gt;&lt;/i&gt; Spelke, E.S. (1990)&lt;/td&gt;
&lt;td style=&#34;text-align:left&#34;&gt;Principles of object perception. &lt;em&gt;Cognitive Science&lt;/em&gt;, 14(1), 29-56.&lt;/td&gt;
&lt;/tr&gt;
&lt;tr&gt;
&lt;td style=&#34;text-align:center&#34;&gt;
  &lt;i class=&#34;fas fa-scroll  pr-1 fa-fw&#34;&gt;&lt;/i&gt; Zacks, J. M., &amp;amp; Tversky, B. (2001)&lt;/td&gt;
&lt;td style=&#34;text-align:left&#34;&gt;Event structure in perception and conception. &lt;em&gt;Psychological Bulletin&lt;/em&gt;, 127(1), 3.&lt;/td&gt;
&lt;/tr&gt;
&lt;/tbody&gt;
&lt;/table&gt;
&lt;!-- &lt;details&gt;
  &lt;summary&gt;&lt;/summary&gt;
  &lt;p&gt;&lt;i class=&#34;fas fa-robot  pr-1 fa-fw&#34;&gt;&lt;/i&gt; This article discusses the importance of event structure in perception, comprehension, memory, planning, and action. It suggests that events, like objects, have categories and parts, and understanding these relationships can enhance cognitive processes. The article explores the hierarchical nature of events and how they can be categorized and segmented based on different factors. It also discusses the role of language in event perception and the influence of goals and causal interactions on event recognition. The text highlights the similarities and differences between objects and events and emphasizes the importance of structured representations in understanding and remembering events.&lt;/p&gt;
&lt;p&gt;The article also discusses the role of event schemata and goals in comprehension and memory recall. It further explores how event perception and cognition involve the interaction of different information sources and the limitations of hierarchical partonomic hierarchies. The article concludes with a list of references related to event perception, cognition, and memory.&lt;/p&gt;

&lt;/details&gt; --&gt;
&lt;h2 id=&#34;secondary-readings&#34;&gt;Secondary Readings&lt;/h2&gt;
&lt;p&gt;The presenter should read and incorporate at least two of these.&lt;/p&gt;
&lt;table&gt;
&lt;thead&gt;
&lt;tr&gt;
&lt;th style=&#34;text-align:center&#34;&gt;&lt;/th&gt;
&lt;th style=&#34;text-align:left&#34;&gt;&lt;/th&gt;
&lt;/tr&gt;
&lt;/thead&gt;
&lt;tbody&gt;
&lt;tr&gt;
&lt;td style=&#34;text-align:center&#34;&gt;
  &lt;i class=&#34;fas fa-scroll  pr-1 fa-fw&#34;&gt;&lt;/i&gt; Fillmore, C. J. (1970)&lt;/td&gt;
&lt;td style=&#34;text-align:left&#34;&gt;&lt;details&gt;
  &lt;summary&gt;The grammar of hitting and breaking. &lt;em&gt;Readings in English Transformational Grammar&lt;/em&gt;, 120-133. (on Learn)&lt;/summary&gt;
  &lt;i class=&#34;fas fa-robot  pr-1 fa-fw&#34;&gt;&lt;/i&gt; This research explores the distinction between implicit and explicit knowledge of language, focusing on the verbs &amp;ldquo;hit&amp;rdquo; and &amp;ldquo;break&amp;rdquo; in English. Fillmore argues that while speakers may struggle to explain the usage and meaning of these words, they rarely make mistakes when using them. He emphasizes the need for linguistic observations to be incorporated into an empirical theory of linguistic structure. It explores the ambiguity of sentences and the role of body-part nouns in indicating places rather than objects.
&lt;/details&gt;&lt;/td&gt;
&lt;/tr&gt;
&lt;tr&gt;
&lt;td style=&#34;text-align:center&#34;&gt;
  &lt;i class=&#34;fas fa-scroll  pr-1 fa-fw&#34;&gt;&lt;/i&gt; Lettvin, J. Y. et al., (1957)&lt;/td&gt;
&lt;td style=&#34;text-align:left&#34;&gt;&lt;details&gt;
  &lt;summary&gt;What the frog&amp;rsquo;s eye tells the frog&amp;rsquo;s brain. &lt;em&gt;Proceedings of the IRE&lt;/em&gt;, 47(11), 1940-1951.&lt;/summary&gt;
  &lt;i class=&#34;fas fa-robot  pr-1 fa-fw&#34;&gt;&lt;/i&gt;  This paper presents research on the activity of single fibers in the optic nerve of frogs. The authors investigate what kind of stimulus causes the largest activity in one nerve fiber and what aspect of that stimulus is most excitatory. They find that the pattern of local variation in intensity, rather than the light intensity itself, is the most excitatory factor for the frog&amp;rsquo;s eye. The study provides a detailed analysis of the anatomy, physiology, and behavior of the frog&amp;rsquo;s visual apparatus. The research emphasizes that the frog&amp;rsquo;s eye informs the brain about the visual image in terms of local pattern, independent of average illumination. The findings suggest that the frog&amp;rsquo;s visual system is highly organized and interpreted, and not simply transmitting an accurate copy of the distribution of light.
&lt;/details&gt;&lt;/td&gt;
&lt;/tr&gt;
&lt;tr&gt;
&lt;td style=&#34;text-align:center&#34;&gt;
  &lt;i class=&#34;fas fa-scroll  pr-1 fa-fw&#34;&gt;&lt;/i&gt; Biederman, I. (1987)&lt;/td&gt;
&lt;td style=&#34;text-align:left&#34;&gt;&lt;details&gt;
  &lt;summary&gt;Recognition-by-Components: A Theory of Human Image Understanding. &lt;em&gt;Psychological Review&lt;/em&gt;, 94(2), 115.&lt;/summary&gt;
  &lt;i class=&#34;fas fa-robot  pr-1 fa-fw&#34;&gt;&lt;/i&gt; This article discusses the theory of recognition-by-components (RBC) in human image understanding. The theory proposes that objects are perceived by segmenting the input image into simple geometric components called geons. These geons can be derived from the contrasts of certain properties of edges in the image. The theory suggests that object recognition is robust and invariant to changes in viewing position and image quality. Experimental findings support the theory.
&lt;/details&gt;&lt;/td&gt;
&lt;/tr&gt;
&lt;tr&gt;
&lt;td style=&#34;text-align:center&#34;&gt;
  &lt;i class=&#34;fas fa-scroll  pr-1 fa-fw&#34;&gt;&lt;/i&gt; Scholl, Brian J. (2007)&lt;/td&gt;
&lt;td style=&#34;text-align:left&#34;&gt;&lt;details&gt;
  &lt;summary&gt;Object persistence in philosophy and psychology. &lt;em&gt;Mind &amp;amp; Language&lt;/em&gt;, 22(5), 563-591.&lt;/summary&gt;
  &lt;i class=&#34;fas fa-robot  pr-1 fa-fw&#34;&gt;&lt;/i&gt;  This article explores the concept of object persistence in both philosophy and psychology. It suggests that there are similarities between these two fields, indicating that psychological mechanisms may underlie the intuitions about persistence that fuel metaphysical theories. The goal is to bridge the gap between cognitive science and metaphysics and potentially contribute to philosophical progress. The article discusses themes such as spatiotemporal continuity, persistence through property change, and cohesion, and how these themes have led to empirical discoveries in psychological research. It also explores various scenarios and challenges our intuitions about the identity and persistence of objects over time. The article highlights the importance of cohesion as a principle for object persistence and discusses the role of intuitions and psychological mechanisms in influencing our judgments and interpretations. It also considers the potential for psychology to contribute to philosophy in understanding the origins of metaphysical intuitions.
&lt;/details&gt;&lt;/td&gt;
&lt;/tr&gt;
&lt;/tbody&gt;
&lt;/table&gt;
&lt;!-- | 
  &lt;i class=&#34;fas fa-scroll  pr-1 fa-fw&#34;&gt;&lt;/i&gt; Cavanaugh, P. (2011) | &lt;details&gt;
  &lt;summary&gt;Visual cognition. &lt;em&gt;Vision Research&lt;/em&gt;, 51(13), 1538-1551.&lt;/summary&gt;
  &lt;i class=&#34;fas fa-robot  pr-1 fa-fw&#34;&gt;&lt;/i&gt; This article discusses various aspects of visual cognition, including visual executive functions, attention, object recognition, motion perception, and the role of shadows in perception. The authors highlight the need for further research in these areas to better understand the mechanisms underlying visual cognition and its interaction with other cognitive processes.
&lt;/details&gt;  | --&gt;
&lt;h2 id=&#34;questions-under-discussion&#34;&gt;Questions under discussion&lt;/h2&gt;
&lt;ul&gt;
&lt;li&gt;How do we represent object information?&lt;/li&gt;
&lt;li&gt;What&amp;rsquo;s missing from these representations?&lt;/li&gt;
&lt;li&gt;Events: linguistic artifact or core knowledge?&lt;/li&gt;
&lt;/ul&gt;
</description>
    </item>
    
    <item>
      <title>Causality</title>
      <link>https://eco.ppls.ed.ac.uk/~nbramley/msc/scm23/projects/causality/</link>
      <pubDate>Sat, 01 Jul 2023 09:58:49 +0100</pubDate>
      <guid>https://eco.ppls.ed.ac.uk/~nbramley/msc/scm23/projects/causality/</guid>
      <description>&lt;p&gt;The search for a causal understanding of the world is at the heart of human cognition. It shapes learning throughout development and guides intelligent behaviour by allowing cognisers to predict outcomes, selectively gather information, attribute blame and credit, and imagine hypothetical and counterfactual situations. Causal reasoning is also central to the scientific method, underpinning how we, as scientists, design experiments, build and evaluate theories including the ones we use to describe and understand our own minds.&lt;/p&gt;
&lt;p&gt;In this session, we will think about how to model the cognition involved in learning, representing and exploiting a causal model of the world.&lt;/p&gt;
&lt;h2 id=&#34;primary-readings&#34;&gt;Primary Readings&lt;/h2&gt;
&lt;p&gt;Everyone should read these and be prepared to discuss.&lt;/p&gt;
&lt;table&gt;
&lt;thead&gt;
&lt;tr&gt;
&lt;th style=&#34;text-align:center&#34;&gt;&lt;/th&gt;
&lt;th style=&#34;text-align:left&#34;&gt;&lt;/th&gt;
&lt;/tr&gt;
&lt;/thead&gt;
&lt;tbody&gt;
&lt;tr&gt;
&lt;td style=&#34;text-align:center&#34;&gt;
  &lt;i class=&#34;fas fa-scroll  pr-1 fa-fw&#34;&gt;&lt;/i&gt; Coenen, A., Rehder, B., &amp;amp; Gureckis, T. M. (2015).&lt;/td&gt;
&lt;td style=&#34;text-align:left&#34;&gt;Strategies to intervene on causal systems are adaptively selected. &lt;em&gt;Cognitive Psychology&lt;/em&gt;, 79, 102-133.&lt;/td&gt;
&lt;/tr&gt;
&lt;tr&gt;
&lt;td style=&#34;text-align:center&#34;&gt;
  &lt;i class=&#34;fas fa-scroll  pr-1 fa-fw&#34;&gt;&lt;/i&gt; Pearl, J. (2019).&lt;/td&gt;
&lt;td style=&#34;text-align:left&#34;&gt;The seven tools of causal inference, with reflections on machine learning. &lt;em&gt;Communications of the ACM&lt;/em&gt;, 62(3), 54-60.&lt;/td&gt;
&lt;/tr&gt;
&lt;/tbody&gt;
&lt;/table&gt;
&lt;!-- &lt;details&gt;
  &lt;summary&gt;&lt;/summary&gt;
  &lt;i class=&#34;fas fa-robot  pr-1 fa-fw&#34;&gt;&lt;/i&gt; This article explores obstacles in machine learning systems, such as adaptability, explainability, and cause-effect understanding, and proposes the use of causal modeling tools to overcome these challenges. It discusses the three-level hierarchy of causal reasoning, which involves association, intervention, and counterfactual thinking. Causal diagrams and structural causal models are presented as crucial tools for representing and estimating causal effects from data.
&lt;/details&gt;  --&gt;
&lt;h2 id=&#34;secondary-readings&#34;&gt;Secondary Readings&lt;/h2&gt;
&lt;p&gt;The presenter should read and incorporate at least one of these.&lt;/p&gt;
&lt;table&gt;
&lt;thead&gt;
&lt;tr&gt;
&lt;th style=&#34;text-align:center&#34;&gt;&lt;/th&gt;
&lt;th style=&#34;text-align:left&#34;&gt;&lt;/th&gt;
&lt;/tr&gt;
&lt;/thead&gt;
&lt;tbody&gt;
&lt;tr&gt;
&lt;td style=&#34;text-align:center&#34;&gt;
  &lt;i class=&#34;fas fa-scroll  pr-1 fa-fw&#34;&gt;&lt;/i&gt; Bramley, N. R., Lagnado, D. A., &amp;amp; Speekenbrink, M. (2015).&lt;/td&gt;
&lt;td style=&#34;text-align:left&#34;&gt;&lt;details&gt;
  &lt;summary&gt;Conservative forgetful scholars: How people learn causal structure through sequences of interventions. &lt;em&gt;Journal of Experimental Psychology: Learning, Memory and Cognition&lt;/em&gt;, 41(3), 708.&lt;/summary&gt;
  &lt;p&gt;&lt;i class=&#34;fas fa-robot  pr-1 fa-fw&#34;&gt;&lt;/i&gt; This article explores how people learn causal structures through interventions. The researchers developed a computer task where participants learned the structure of probabilistic causal systems. They developed models to understand participants&amp;rsquo; intervention choices and judgments, considering memory and processing limitations. The study found that successful participants used a model that maximized information gain, forgot evidence from earlier trials, and had conservative beliefs. The study highlights the importance of active learning and the use of simple heuristics in causal structure identification.&lt;/p&gt;
&lt;p&gt;&lt;i class=&#34;fas fa-chalkboard-teacher  pr-1 fa-fw&#34;&gt;&lt;/i&gt; Like Coenen et al, this is an example of human causal learning through interventions, at rung 2 of Pearl&amp;rsquo;s ladder.&lt;/p&gt;

&lt;/details&gt;&lt;/td&gt;
&lt;/tr&gt;
&lt;tr&gt;
&lt;td style=&#34;text-align:center&#34;&gt;
  &lt;i class=&#34;fas fa-scroll  pr-1 fa-fw&#34;&gt;&lt;/i&gt;  Quillien, T., &amp;amp; Lucas, C. G. (2023).&lt;/td&gt;
&lt;td style=&#34;text-align:left&#34;&gt;&lt;details&gt;
  &lt;summary&gt;Counterfactuals and the logic of causal selection. &lt;em&gt;Psychological Review&lt;/em&gt;.&lt;/summary&gt;
  &lt;i class=&#34;fas fa-robot  pr-1 fa-fw&#34;&gt;&lt;/i&gt; Quillien and Lucas explore the relationship between counterfactuals and causal selection. They propose a counterfactual theory, suggesting that people imagine alternative possibilities and judge causal responsibility based on the correlation between factors across these simulations. The theory is supported by empirical data and experiments. The article discusses the use of a computational model, the Counterfactual Effect Size Model (CESM), to explain human judgments in various studies related to causal attributions and judgments. The CESM is found to have a good fit with the data and is able to predict participants&amp;rsquo; intuitions accurately.
&lt;/details&gt;&lt;/td&gt;
&lt;/tr&gt;
&lt;tr&gt;
&lt;td style=&#34;text-align:center&#34;&gt;
  &lt;i class=&#34;fas fa-scroll  pr-1 fa-fw&#34;&gt;&lt;/i&gt;  Pearl, J. (2000/2009)&lt;/td&gt;
&lt;td style=&#34;text-align:left&#34;&gt;&lt;details&gt;
  &lt;summary&gt;Causality: Chapters 1-2. (On Learn)&lt;/summary&gt;
  &lt;p&gt;&lt;i class=&#34;fas fa-chalkboard-teacher  pr-1 fa-fw&#34;&gt;&lt;/i&gt; This important book laid formal/mathmatical groundwork for causal modelling in data science but also use of bayesian networks as representations of structural knowledge about the world, particularly causal, combining this with principles of probabilistic inference and statistical dependence. It is technical but readable.&lt;/p&gt;
&lt;p&gt;&lt;i class=&#34;fas fa-robot  pr-1 fa-fw&#34;&gt;&lt;/i&gt; Chapter one of the book introduces the concepts of probabilities, graphs, and causal models. It highlights the importance of probabilities in studying causality, especially in disciplines such as economics, epidemiology, sociology, and psychology. Probability theory helps determine the strength of causal connections and make inferences from noisy observations. The chapter also discusses the use of probabilities in handling exceptions that cannot be processed by deterministic logic. The passage goes on to introduce various concepts within probability theory such as axioms, conditional probabilities, Bayesian inference, joint distribution functions, and graphical models. It explains the properties and terminology associated with probabilities, graphs, and causal models. The chapter also explores the application of probabilities and causal models to hypothesis testing, interventions, and counterfactual analysis.&lt;/p&gt;
&lt;p&gt;Overall, these chapters provide a comprehensive introduction to probabilities, graphs, and causal models, highlighting their applications and implications in studying causality.&lt;/p&gt;

&lt;/details&gt;&lt;/td&gt;
&lt;/tr&gt;
&lt;/tbody&gt;
&lt;/table&gt;
&lt;h2 id=&#34;questions-under-discussion&#34;&gt;Questions under discussion&lt;/h2&gt;
&lt;ul&gt;
&lt;li&gt;What are the levels of Pearl’s Ladder of Causation?&lt;/li&gt;
&lt;li&gt;What makes an intervention valuable?&lt;/li&gt;
&lt;li&gt;What are counterfactuals and what role do they play in reasoning?&lt;/li&gt;
&lt;/ul&gt;
</description>
    </item>
    
    <item>
      <title>Rationality</title>
      <link>https://eco.ppls.ed.ac.uk/~nbramley/msc/scm23/projects/rationality/</link>
      <pubDate>Sat, 01 Jul 2023 09:58:49 +0100</pubDate>
      <guid>https://eco.ppls.ed.ac.uk/~nbramley/msc/scm23/projects/rationality/</guid>
      <description>&lt;p&gt;In popular culture, we often think of &lt;em&gt;rationality&lt;/em&gt; as in tension with &lt;em&gt;intuition&lt;/em&gt;. We see this in caricatures of hyper-rational agents like Spock in Star Trek. The probabilistic revolution in cognitive science has changed this notion. It is not rational to treat every task as logical deduction when the world itself is underdetermined and radically uncertain. This session will explore the notion of being rational in an uncertain world.&lt;/p&gt;
&lt;h2 id=&#34;primary-readings&#34;&gt;Primary Readings&lt;/h2&gt;
&lt;p&gt;Everyone should read these and be prepared to discuss:&lt;/p&gt;
&lt;table&gt;
&lt;thead&gt;
&lt;tr&gt;
&lt;th style=&#34;text-align:center&#34;&gt;&lt;/th&gt;
&lt;th style=&#34;text-align:left&#34;&gt;&lt;/th&gt;
&lt;/tr&gt;
&lt;/thead&gt;
&lt;tbody&gt;
&lt;tr&gt;
&lt;td style=&#34;text-align:center&#34;&gt;
  &lt;i class=&#34;fas fa-scroll  pr-1 fa-fw&#34;&gt;&lt;/i&gt; Oaksford, M., &amp;amp; Chater, N. (2001).&lt;/td&gt;
&lt;td style=&#34;text-align:left&#34;&gt;The probabilistic approach to human reasoning. &lt;em&gt;Trends in Cognitive Sciences&lt;/em&gt;, 5(8), 349-357.&lt;/td&gt;
&lt;/tr&gt;
&lt;tr&gt;
&lt;td style=&#34;text-align:center&#34;&gt;
  &lt;i class=&#34;fas fa-scroll  pr-1 fa-fw&#34;&gt;&lt;/i&gt; Marr, David (1982)&lt;/td&gt;
&lt;td style=&#34;text-align:left&#34;&gt;&lt;details&gt;
  &lt;summary&gt;Chapter 1 of &lt;em&gt;Vision&lt;/em&gt;, MIT press (on Learn)&lt;/summary&gt;
  &lt;i class=&#34;fas fa-chalkboard-teacher  pr-1 fa-fw&#34;&gt;&lt;/i&gt; This book is famous for its presentation of &amp;ldquo;Marr&amp;rsquo;s levels&amp;rdquo;: The three interrelated levels levels of analysis at which one can explain the behavoiur of any computational system (in Figure 1-4). This is an incredibly central idea in cognitive science that has had a major impact on comptuational modelling work ever since and well worth familiarizing yourself with if it isn&amp;rsquo;t already familiar to you.
&lt;/details&gt;&lt;/td&gt;
&lt;/tr&gt;
&lt;/tbody&gt;
&lt;/table&gt;
&lt;!-- | 
  &lt;i class=&#34;fas fa-scroll  pr-1 fa-fw&#34;&gt;&lt;/i&gt; Gershman, S. J., Horvitz, E. J., &amp; Tenenbaum, J. B. (2015). | &lt;details&gt;
  &lt;summary&gt;Computational rationality: A converging paradigm for intelligence in brains, minds, and machines. &lt;em&gt;Science&lt;/em&gt;, 349(6245), 273-278.&lt;/summary&gt;
  &lt;i class=&#34;fas fa-robot  pr-1 fa-fw&#34;&gt;&lt;/i&gt;
&lt;/details&gt;   | --&gt;
&lt;h2 id=&#34;secondary-readings&#34;&gt;Secondary Readings&lt;/h2&gt;
&lt;p&gt;The presenter should read and incorporate these:&lt;/p&gt;
&lt;table&gt;
&lt;thead&gt;
&lt;tr&gt;
&lt;th style=&#34;text-align:center&#34;&gt;&lt;/th&gt;
&lt;th style=&#34;text-align:left&#34;&gt;&lt;/th&gt;
&lt;/tr&gt;
&lt;/thead&gt;
&lt;tbody&gt;
&lt;tr&gt;
&lt;td style=&#34;text-align:center&#34;&gt;
  &lt;i class=&#34;fas fa-scroll  pr-1 fa-fw&#34;&gt;&lt;/i&gt; Simon, H. A. (1955).&lt;/td&gt;
&lt;td style=&#34;text-align:left&#34;&gt;&lt;details&gt;
  &lt;summary&gt;A behavioral model of rational choice. &lt;em&gt;The Quarterly Journal of Economics&lt;/em&gt;, 69(1), 99-118.&lt;/summary&gt;
  &lt;i class=&#34;fas fa-robot  pr-1 fa-fw&#34;&gt;&lt;/i&gt; In this research paper, Herbert A. Simon discusses the need to revise the traditional economic model of &amp;ldquo;economic man&amp;rdquo; as a rational decision-maker. He proposes a behavioral model of rational choice that takes into account the limited information and computational capacities of individuals. Simon emphasizes the importance of considering the decision-maker&amp;rsquo;s characteristics and the specific situation they are in when defining rational behavior. He explores variables that can be controlled and optimized for rational adaptation, as well as fixed variables that must be taken into account. The paper also discusses the application of this model to game theory, decision-making, and chess. Simon suggests simplifications and approximations that align with observed human behavior and addresses objections to simple pay-off functions in certain choice situations. He also highlights the importance of information gathering and refining the mapping of possible outcomes in decision-making. The paper concludes by discussing the implications of this behavioral model for understanding human decision-making in various contexts and the potential normative and descriptive value of this model.
&lt;/details&gt;&lt;/td&gt;
&lt;/tr&gt;
&lt;tr&gt;
&lt;td style=&#34;text-align:center&#34;&gt;
  &lt;i class=&#34;fas fa-scroll  pr-1 fa-fw&#34;&gt;&lt;/i&gt; Lieder, F., &amp;amp; Griffiths, T. L. (2020).&lt;/td&gt;
&lt;td style=&#34;text-align:left&#34;&gt;&lt;details&gt;
  &lt;summary&gt;Resource-rational analysis: Understanding human cognition as the optimal use of limited computational resources. &lt;em&gt;Behavioral and brain sciences&lt;/em&gt;, 43, e1.&lt;/summary&gt;
  &lt;p&gt;&lt;i class=&#34;fas fa-robot  pr-1 fa-fw&#34;&gt;&lt;/i&gt; This article explores the concept of resource-rational analysis, a cognitive modeling paradigm that integrates rational principles with cognitive constraints to better understand and improve human cognition.&lt;/p&gt;
&lt;p&gt;The article also discusses the challenges faced by research on human cognition and introduces the concept of bounded optimality as a theory for designing optimal programs for agents with limited resources. It proposes that resource-rational analysis provides a method for understanding how the human mind uses its limited cognitive resources. It suggests that cognitive biases may be a result of limited cognitive resources rather than irrationality, and understanding these limitations can lead to improved AI and a redefinition of cognitive biases.&lt;/p&gt;

&lt;/details&gt;&lt;/td&gt;
&lt;/tr&gt;
&lt;/tbody&gt;
&lt;/table&gt;
&lt;h2 id=&#34;questions-under-discussion&#34;&gt;Questions under discussion&lt;/h2&gt;
&lt;ul&gt;
&lt;li&gt;What does it mean to be rational?&lt;/li&gt;
&lt;li&gt;What does probability theory have to do with it?&lt;/li&gt;
&lt;li&gt;What does it mean to be boundedly rational or resource rational?&lt;/li&gt;
&lt;li&gt;Broadly speaking, are people any of the above?&lt;/li&gt;
&lt;/ul&gt;
</description>
    </item>
    
    <item>
      <title>Time</title>
      <link>https://eco.ppls.ed.ac.uk/~nbramley/msc/scm23/projects/time/</link>
      <pubDate>Sat, 01 Jul 2023 09:58:49 +0100</pubDate>
      <guid>https://eco.ppls.ed.ac.uk/~nbramley/msc/scm23/projects/time/</guid>
      <description>&lt;p&gt;&lt;em&gt;“For all the points of the compass, there’s only one direction and time is its only measure.”&lt;/em&gt; (Stoppard, 1966)&lt;/p&gt;
&lt;p&gt;Unlike most computational systems, humans experience and must respond to their environment through time. One of the most basic forms of human and animal learning is to associate things that happen close together. Everyday activities like speech, music, dance demand precise time control, while imagination, mental simulation, and memory (“mental time travel”) seem to require encoding of (and ability to regenerate events) in the right temporal sequence. What then is the role of time in the various cognitive processes and representations we have been discussing throughout this course?&lt;/p&gt;
&lt;h2 id=&#34;primary-readings&#34;&gt;Primary Readings&lt;/h2&gt;
&lt;p&gt;Everyone should read these and be prepared to discuss:&lt;/p&gt;
&lt;table&gt;
&lt;thead&gt;
&lt;tr&gt;
&lt;th style=&#34;text-align:center&#34;&gt;&lt;/th&gt;
&lt;th style=&#34;text-align:left&#34;&gt;&lt;/th&gt;
&lt;/tr&gt;
&lt;/thead&gt;
&lt;tbody&gt;
&lt;tr&gt;
&lt;td style=&#34;text-align:center&#34;&gt;
  &lt;i class=&#34;fas fa-scroll  pr-1 fa-fw&#34;&gt;&lt;/i&gt; Elman, J. L. (1990)&lt;/td&gt;
&lt;td style=&#34;text-align:left&#34;&gt;Finding structure in time. &lt;em&gt;Cognitive Science&lt;/em&gt;, 14, 179-211.&lt;/td&gt;
&lt;/tr&gt;
&lt;tr&gt;
&lt;td style=&#34;text-align:center&#34;&gt;
  &lt;i class=&#34;fas fa-scroll  pr-1 fa-fw&#34;&gt;&lt;/i&gt; Gong, T. &amp;amp; Bramley, N. R. (to appear)&lt;/td&gt;
&lt;td style=&#34;text-align:left&#34;&gt;Evidence from the future. &lt;em&gt;Journal of Experimental Psychology: General&lt;/em&gt;, &lt;a href=&#34;https://psyarxiv.com/f67nx/&#34; target=&#34;_blank&#34; rel=&#34;noopener&#34;&gt;https://psyarxiv.com/f67nx/&lt;/a&gt;&lt;/td&gt;
&lt;/tr&gt;
&lt;/tbody&gt;
&lt;/table&gt;
&lt;!-- &lt;details&gt;
  &lt;summary&gt;&lt;/summary&gt;
  &lt;i class=&#34;fas fa-robot  pr-1 fa-fw&#34;&gt;&lt;/i&gt; The article discusses the representation of time in connectionist models. It proposes representing time implicitly through its effects on processing rather than explicitly. Recurrent links and hidden unit patterns allow networks to develop internal representations that incorporate both task and memory demands. Simulations show that these representations are context-dependent and can express generalizations across classes of items. The article highlights challenges in incorporating temporal aspects into parallel-processing models and discusses the drawbacks of using a spatial metaphor to represent time. It emphasizes the context-sensitivity of representations and the advantages of distributed representations over symbolic representations.
&lt;/details&gt; --&gt;
&lt;h2 id=&#34;secondary-readings&#34;&gt;Secondary Readings&lt;/h2&gt;
&lt;p&gt;The presenter should read and incorporate at least two of these:&lt;/p&gt;
&lt;table&gt;
&lt;thead&gt;
&lt;tr&gt;
&lt;th style=&#34;text-align:center&#34;&gt;&lt;/th&gt;
&lt;th style=&#34;text-align:left&#34;&gt;&lt;/th&gt;
&lt;/tr&gt;
&lt;/thead&gt;
&lt;tbody&gt;
&lt;tr&gt;
&lt;td style=&#34;text-align:center&#34;&gt;
  &lt;i class=&#34;fas fa-scroll  pr-1 fa-fw&#34;&gt;&lt;/i&gt; Grice, G. R. (1948).&lt;/td&gt;
&lt;td style=&#34;text-align:left&#34;&gt;&lt;details&gt;
  &lt;summary&gt;The relation of secondary reinforcement to delayed reward in visual discrimination learning. &lt;em&gt;Journal of Experimental Psychology&lt;/em&gt;, 38(1), 1.&lt;/summary&gt;
  &lt;i class=&#34;fas fa-robot  pr-1 fa-fw&#34;&gt;&lt;/i&gt; This article, published in 1948, explores the relationship between reinforcement and delayed reward in visual discrimination learning. The study involved training albino rats to discriminate between black and white stimuli under different conditions of delay of reward. The results showed that the number of trials required to reach the learning criterion varied based on the duration of the delay, and the type of secondary reinforcement had an effect on the learning process.
&lt;/details&gt;&lt;/td&gt;
&lt;/tr&gt;
&lt;tr&gt;
&lt;td style=&#34;text-align:center&#34;&gt;
  &lt;i class=&#34;fas fa-scroll  pr-1 fa-fw&#34;&gt;&lt;/i&gt; Bramley, N. R., Gerstenberg, T., Mayrhofer, R., &amp;amp; Lagnado, D. A. (2018).&lt;/td&gt;
&lt;td style=&#34;text-align:left&#34;&gt;&lt;details&gt;
  &lt;summary&gt;Time in causal structure learning. &lt;em&gt;Journal of Experimental Psychology: Learning, Memory, and Cognition&lt;/em&gt;, 44(12), 1880.&lt;/summary&gt;
  &lt;i class=&#34;fas fa-robot  pr-1 fa-fw&#34;&gt;&lt;/i&gt; This study examines how timing information influences judgments of causal strength and structure induction. Four experiments were conducted, revealing the importance of event order and temporal intervals in learning causal relationships. A Bayesian model accurately predicted participants&amp;rsquo; judgments, highlighting the significance of time in understanding causal learning.  Participants&amp;rsquo; judgments were largely explained by event order, but there was some evidence of delay sensitivity and participants were able to distinguish between causal structures based on event timings alone.
&lt;/details&gt;&lt;/td&gt;
&lt;/tr&gt;
&lt;tr&gt;
&lt;td style=&#34;text-align:center&#34;&gt;
  &lt;i class=&#34;fas fa-scroll  pr-1 fa-fw&#34;&gt;&lt;/i&gt; Gong, T., Gerstenberg, T., Mayrhofer, R., &amp;amp; Bramley, N. R. (2023).&lt;/td&gt;
&lt;td style=&#34;text-align:left&#34;&gt;&lt;details&gt;
  &lt;summary&gt;Active causal structure learning in continuous time. &lt;em&gt;Cognitive Psychology&lt;/em&gt;, 140, 101542.&lt;/summary&gt;
  &lt;i class=&#34;fas fa-robot  pr-1 fa-fw&#34;&gt;&lt;/i&gt; The article discusses active causal structure learning in continuous time, exploring how people learn about causal structure and make intervention choices. The study finds that participants&amp;rsquo; accuracy depends on the informativeness and evidential complexity of the data they generate. Participants optimize their intervention choices to maximize expected information and minimize inferential complexity. The paper also discusses the computational challenges of active causal learning and the role of metacognitive awareness in successful learning. The findings provide insights into understanding how people learn about causal structure in dynamic environments.
&lt;/details&gt;&lt;/td&gt;
&lt;/tr&gt;
&lt;/tbody&gt;
&lt;/table&gt;
&lt;!-- | 
  &lt;i class=&#34;fas fa-scroll  pr-1 fa-fw&#34;&gt;&lt;/i&gt; Haggard, P., Clark, S., &amp; Kalogeras, J. (2002). | &lt;details&gt;
  &lt;summary&gt;Voluntary action and conscious awareness. &lt;em&gt;Nature Neuroscience&lt;/em&gt;, 5(4), 382-385.&lt;/summary&gt;
  &lt;i class=&#34;fas fa-robot  pr-1 fa-fw&#34;&gt;&lt;/i&gt; This article explores the relationship between voluntary action and conscious awareness. The authors argue that our experiences of voluntary action are the result of different stages of neural activity and that the central nervous system must bind these representations together to produce a coherent experience of our own actions. To study the links between representations of voluntary actions and their effects, the authors conducted experiments where subjects reported the perceived times of their actions and consequences. The results showed that voluntary actions and their effects are attracted together across time. Overall, the article provides evidence for a neural mechanism that binds together the perception of voluntary actions and their effects in conscious awareness. This intentional binding is crucial for our conscious experience of free will and our ability to perceive our actions as having an impact on the environment.
&lt;/details&gt; | --&gt;
&lt;!-- | 
  &lt;i class=&#34;fas fa-scroll  pr-1 fa-fw&#34;&gt;&lt;/i&gt; Engel, A. K., &amp; Singer, W. (2001). | &lt;details&gt;
  &lt;summary&gt;Temporal binding and the neural correlates of sensory awareness. &lt;em&gt;Trends in Cognitive Sciences&lt;/em&gt;, 5(1), 16-25.&lt;/summary&gt;
  &lt;i class=&#34;fas fa-robot  pr-1 fa-fw&#34;&gt;&lt;/i&gt;
&lt;/details&gt; | --&gt;
&lt;h2 id=&#34;questions-under-discussion&#34;&gt;Questions under discussion&lt;/h2&gt;
&lt;ul&gt;
&lt;li&gt;How veridical is our perception of the time course of events and actions?&lt;/li&gt;
&lt;li&gt;What problem do RNNs try to solve and how well do you think they achieve this?&lt;/li&gt;
&lt;li&gt;How might time help us encode non-temporal things like relations?&lt;/li&gt;
&lt;/ul&gt;
</description>
    </item>
    
    <item>
      <title>Number</title>
      <link>https://eco.ppls.ed.ac.uk/~nbramley/msc/scm23/projects/number/</link>
      <pubDate>Sat, 01 Jul 2023 09:58:49 +0100</pubDate>
      <guid>https://eco.ppls.ed.ac.uk/~nbramley/msc/scm23/projects/number/</guid>
      <description>&lt;p&gt;Of all the terrifying things humans have created, perhaps maths are a fairly tame, although remarkable, invention. While we clearly created maths, did we create numbers?&lt;/p&gt;
&lt;h2 id=&#34;primary-readings&#34;&gt;Primary Readings&lt;/h2&gt;
&lt;p&gt;Everyone should read these and be prepared to discuss.&lt;/p&gt;
&lt;table&gt;
&lt;thead&gt;
&lt;tr&gt;
&lt;th style=&#34;text-align:center&#34;&gt;&lt;/th&gt;
&lt;th style=&#34;text-align:left&#34;&gt;&lt;/th&gt;
&lt;/tr&gt;
&lt;/thead&gt;
&lt;tbody&gt;
&lt;tr&gt;
&lt;td style=&#34;text-align:center&#34;&gt;
  &lt;i class=&#34;fas fa-scroll  pr-1 fa-fw&#34;&gt;&lt;/i&gt; Feigenson, L., Dehaene, S., &amp;amp; Spelke, E. (2004)&lt;/td&gt;
&lt;td style=&#34;text-align:left&#34;&gt;Core systems of number. &lt;em&gt;Trends in cognitive sciences&lt;/em&gt;, 8(7), 307-314.&lt;/td&gt;
&lt;/tr&gt;
&lt;/tbody&gt;
&lt;/table&gt;
&lt;h2 id=&#34;secondary-readings&#34;&gt;Secondary Readings&lt;/h2&gt;
&lt;p&gt;The presenter should read and incorporate at least two of these.&lt;/p&gt;
&lt;table&gt;
&lt;thead&gt;
&lt;tr&gt;
&lt;th style=&#34;text-align:center&#34;&gt;&lt;/th&gt;
&lt;th style=&#34;text-align:left&#34;&gt;&lt;/th&gt;
&lt;/tr&gt;
&lt;/thead&gt;
&lt;tbody&gt;
&lt;tr&gt;
&lt;td style=&#34;text-align:center&#34;&gt;
  &lt;i class=&#34;fas fa-scroll  pr-1 fa-fw&#34;&gt;&lt;/i&gt; Pica, P., Lemer, C., Izard, V., &amp;amp; Dehaene, S. (2004)&lt;/td&gt;
&lt;td style=&#34;text-align:left&#34;&gt;&lt;details&gt;
  &lt;summary&gt;Exact and approximate arithmetic in an Amazonian indigene group. &lt;em&gt;Science&lt;/em&gt;, 306(5695), 499-503.&lt;/summary&gt;
  &lt;i class=&#34;fas fa-robot  pr-1 fa-fw&#34;&gt;&lt;/i&gt; The study investigated numerical cognition in Munduruku speakers, who have a limited lexicon of number words. The Munduruku can compare and add approximate numbers but struggle with exact arithmetic. The study contributes to understanding the relationship between language and arithmetic and the role of language in numerical cognition. It highlights that while the Munduruku lack number words beyond 5, they still possess a nonverbal system for approximate number. This suggests that exact arithmetic may require language for a precise representation and manipulation of numbers. The study also emphasizes the potential impact of language on numerical cognition and how cultural and linguistic factors can influence numeric representation and processes.
&lt;/details&gt;&lt;/td&gt;
&lt;/tr&gt;
&lt;tr&gt;
&lt;td style=&#34;text-align:center&#34;&gt;
  &lt;i class=&#34;fas fa-scroll  pr-1 fa-fw&#34;&gt;&lt;/i&gt; Frank, M. C., Everett, D. L., Fedorenko, E., &amp;amp; Gibson, E. (2008)&lt;/td&gt;
&lt;td style=&#34;text-align:left&#34;&gt;&lt;details&gt;
  &lt;summary&gt;Number as a cognitive technology: Evidence from Pirahã language and cognition. &lt;em&gt;Cognition&lt;/em&gt;, 108(3), 819-824.&lt;/summary&gt;
  &lt;i class=&#34;fas fa-robot  pr-1 fa-fw&#34;&gt;&lt;/i&gt; This article explores the relationship between language and our understanding of numbers, focusing on the Pirahã tribe&amp;rsquo;s language and numerical abilities. Previous research has shown that the Pirahã language lacks words for exact numbers, but the tribe can perform exact matching tasks with large quantities of objects accurately. This suggests that language for exact numbers is a cultural invention, not a universal linguistic feature. Number words serve as a cognitive technology for representing and keeping track of large sets accurately. The article discusses the role of language in understanding numbers and the theories proposing that language plays a causal role in the acquisition of exact numerical competence. The article provides evidence that language for exact numbers is not a linguistic universal but a cultural invention, with implications for understanding the relationship between language and cognition in numerical competence
&lt;/details&gt;&lt;/td&gt;
&lt;/tr&gt;
&lt;tr&gt;
&lt;td style=&#34;text-align:center&#34;&gt;
  &lt;i class=&#34;fas fa-scroll  pr-1 fa-fw&#34;&gt;&lt;/i&gt; Jara‐Ettinger, J., Piantadosi, S., Spelke, E. S., Levy, R., &amp;amp; Gibson, E. (2017)&lt;/td&gt;
&lt;td style=&#34;text-align:left&#34;&gt;&lt;details&gt;
  &lt;summary&gt;Mastery of the logic of natural numbers is not the result of mastery of counting: Evidence from late counters. &lt;em&gt;Developmental Science&lt;/em&gt;, 20(6), e12459.&lt;/summary&gt;
  &lt;i class=&#34;fas fa-robot  pr-1 fa-fw&#34;&gt;&lt;/i&gt; TODO
&lt;/details&gt;&lt;/td&gt;
&lt;/tr&gt;
&lt;tr&gt;
&lt;td style=&#34;text-align:center&#34;&gt;
  &lt;i class=&#34;fas fa-scroll  pr-1 fa-fw&#34;&gt;&lt;/i&gt; Piantadosi, ST., Tenenbaum, JB and Goodman, ND (2012)&lt;/td&gt;
&lt;td style=&#34;text-align:left&#34;&gt;&lt;details&gt;
  &lt;summary&gt;Bootstrapping in a language of thought: A formal model of numerical concept learning. &lt;em&gt;Cognition&lt;/em&gt; 123.2: 199-217.&lt;/summary&gt;
  &lt;i class=&#34;fas fa-robot  pr-1 fa-fw&#34;&gt;&lt;/i&gt; TODO
&lt;/details&gt;&lt;/td&gt;
&lt;/tr&gt;
&lt;/tbody&gt;
&lt;/table&gt;
&lt;h2 id=&#34;questions-under-discussion&#34;&gt;Questions under discussion&lt;/h2&gt;
&lt;ul&gt;
&lt;li&gt;How do we represent numbers?&lt;/li&gt;
&lt;li&gt;Are numbers universal to animals?&lt;/li&gt;
&lt;/ul&gt;
</description>
    </item>
    
    <item>
      <title>Space</title>
      <link>https://eco.ppls.ed.ac.uk/~nbramley/msc/scm23/projects/space/</link>
      <pubDate>Sat, 01 Jul 2023 09:58:49 +0100</pubDate>
      <guid>https://eco.ppls.ed.ac.uk/~nbramley/msc/scm23/projects/space/</guid>
      <description>&lt;p&gt;Space. The final frontier. How do we move in space? Vectors, scalars, navigation? Is spacial reasoning a cognitive instinct or a cognitive technology?&lt;/p&gt;
&lt;h2 id=&#34;primary-readings&#34;&gt;Primary Readings&lt;/h2&gt;
&lt;p&gt;Everyone should read these and be prepared to discuss:&lt;/p&gt;
&lt;table&gt;
&lt;thead&gt;
&lt;tr&gt;
&lt;th style=&#34;text-align:center&#34;&gt;&lt;/th&gt;
&lt;th style=&#34;text-align:left&#34;&gt;&lt;/th&gt;
&lt;/tr&gt;
&lt;/thead&gt;
&lt;tbody&gt;
&lt;tr&gt;
&lt;td style=&#34;text-align:center&#34;&gt;
  &lt;i class=&#34;fas fa-scroll  pr-1 fa-fw&#34;&gt;&lt;/i&gt; Pederson, E., Danziger, E., Wilkins, D., Levinson, S., Kita, S., &amp;amp; Senft, G. (1998)&lt;/td&gt;
&lt;td style=&#34;text-align:left&#34;&gt;Semantic typology and spatial conceptualization.  &lt;em&gt;Language&lt;/em&gt;, 74(3), 557-589.&lt;/td&gt;
&lt;/tr&gt;
&lt;tr&gt;
&lt;td style=&#34;text-align:center&#34;&gt;
  &lt;i class=&#34;fas fa-scroll  pr-1 fa-fw&#34;&gt;&lt;/i&gt; Levinson, S., Meira, S., &amp;amp; The Language and Cognition Group. (2003)&lt;/td&gt;
&lt;td style=&#34;text-align:left&#34;&gt;&amp;lsquo;Natural concepts&amp;rsquo; in the spatial topological domain-Adpositional meanings in crosslinguistic perspective. &lt;em&gt;Language&lt;/em&gt;, 485-516.&lt;/td&gt;
&lt;/tr&gt;
&lt;/tbody&gt;
&lt;/table&gt;
&lt;!-- &lt;details&gt;
  &lt;summary&gt;&lt;/summary&gt;
  &lt;i class=&#34;fas fa-robot  pr-1 fa-fw&#34;&gt;&lt;/i&gt; In summary, the articles and content mentioned above explore various aspects of semantic typology, spatial adpositions, crosslinguistic comparisons, and the relationship between language, cognition, and spatial concepts. They discuss the challenges of categorizing and generalizing spatial adpositions, the role of methodology in comparative semantics research, the use of adpositions and locative nouns in different languages, and the exploration of adpositional groupings and semantic spaces. The articles also propose hypotheses, models, and statistical analyses to better understand the organization and universality of spatial concepts.
&lt;/details&gt;  --&gt;
&lt;h2 id=&#34;secondary-readings&#34;&gt;Secondary Readings&lt;/h2&gt;
&lt;p&gt;The presenter should read and incorporate these:&lt;/p&gt;
&lt;table&gt;
&lt;thead&gt;
&lt;tr&gt;
&lt;th style=&#34;text-align:center&#34;&gt;&lt;/th&gt;
&lt;th style=&#34;text-align:left&#34;&gt;&lt;/th&gt;
&lt;/tr&gt;
&lt;/thead&gt;
&lt;tbody&gt;
&lt;tr&gt;
&lt;td style=&#34;text-align:center&#34;&gt;
  &lt;i class=&#34;fas fa-scroll  pr-1 fa-fw&#34;&gt;&lt;/i&gt; Li, P., &amp;amp; Gleitman, L. (2002)&lt;/td&gt;
&lt;td style=&#34;text-align:left&#34;&gt;&lt;details&gt;
  &lt;summary&gt;Turning the tables: Language and spatial reasoning. &lt;em&gt;Cognition&lt;/em&gt;, 83(3), 265-294.&lt;/summary&gt;
  &lt;i class=&#34;fas fa-robot  pr-1 fa-fw&#34;&gt;&lt;/i&gt; This passage summarizes various research papers and studies that explore the effects of language on spatial organization, reasoning, and cognition. The Whorf-Sapir linguistic relativity hypothesis, which suggests that language influences thought, is discussed. The studies reviewed investigate how different languages use different spatial systems and how cultural factors can impact spatial terminology and cognitive strategies. The presence and suitability of local landmark cues are found to play a role in problem-solving strategies. The passage also mentions research on spatial reasoning in animals and prelinguistic infants, highlighting their ability to adapt spatial reasoning based on the presence of landmark cues. The authors emphasize the relationship between language and thought but note that human thought is robust to variation in linguistic usage patterns.
&lt;/details&gt;&lt;/td&gt;
&lt;/tr&gt;
&lt;tr&gt;
&lt;td style=&#34;text-align:center&#34;&gt;
  &lt;i class=&#34;fas fa-scroll  pr-1 fa-fw&#34;&gt;&lt;/i&gt; Levinson, S. C., Kita, S., Haun, D. B., &amp;amp; Rasch, B. H. (2002)&lt;/td&gt;
&lt;td style=&#34;text-align:left&#34;&gt;&lt;details&gt;
  &lt;summary&gt;Returning the tables: Language affects spatial reasoning. &lt;em&gt;Cognition&lt;/em&gt;, 84(2), 155-188.&lt;/summary&gt;
  &lt;i class=&#34;fas fa-robot  pr-1 fa-fw&#34;&gt;&lt;/i&gt; The study explores the relationship between language and spatial reasoning, arguing against a cross-cultural comparison that suggests language has a causal effect on non-linguistic thinking. The authors conduct experiments to support their hypothesis that language does not have a direct effect on cognition in the spatial domain.
&lt;/details&gt;&lt;/td&gt;
&lt;/tr&gt;
&lt;/tbody&gt;
&lt;/table&gt;
&lt;h2 id=&#34;questions-under-discussion&#34;&gt;Questions under discussion&lt;/h2&gt;
&lt;ul&gt;
&lt;li&gt;What are the natural concepts for space?&lt;/li&gt;
&lt;li&gt;Are spatial concepts a cognitive universal or driven by language?&lt;/li&gt;
&lt;/ul&gt;
</description>
    </item>
    
    <item>
      <title>Theory of Mind</title>
      <link>https://eco.ppls.ed.ac.uk/~nbramley/msc/scm23/projects/tom/</link>
      <pubDate>Sat, 01 Jul 2023 09:58:49 +0100</pubDate>
      <guid>https://eco.ppls.ed.ac.uk/~nbramley/msc/scm23/projects/tom/</guid>
      <description>&lt;p&gt;&lt;em&gt;“Here is how it works: first you decide to treat the object whose behavior is to be predicted as a rational agent; then you figure out what beliefs that agent ought to have, given its place in the world and its purpose. Then you figure out what desires it ought to have, on the same considerations, and finally you predict that this rational agent will act to further its goals in the light of its beliefs.”&lt;/em&gt; (Dennett, The Intentional Stance, 1996, p. 17).&lt;/p&gt;
&lt;p&gt;This session will think about how people reason about others and how we might make machines that can do the same.&lt;/p&gt;
&lt;h2 id=&#34;primary-readings&#34;&gt;Primary Readings&lt;/h2&gt;
&lt;p&gt;Everyone should read these and be prepared to discuss.&lt;/p&gt;
&lt;table&gt;
&lt;thead&gt;
&lt;tr&gt;
&lt;th style=&#34;text-align:center&#34;&gt;&lt;/th&gt;
&lt;th style=&#34;text-align:left&#34;&gt;&lt;/th&gt;
&lt;/tr&gt;
&lt;/thead&gt;
&lt;tbody&gt;
&lt;tr&gt;
&lt;td style=&#34;text-align:center&#34;&gt;
  &lt;i class=&#34;fas fa-scroll  pr-1 fa-fw&#34;&gt;&lt;/i&gt; Dennett, D. C. (1981).&lt;/td&gt;
&lt;td style=&#34;text-align:left&#34;&gt;&lt;details&gt;
  &lt;summary&gt;Chapter 3: True believers: The intentional strategy and why it works. In &lt;em&gt;Mind Design II&lt;/em&gt;&lt;/summary&gt;
  &lt;!-- 
  &lt;i class=&#34;fas fa-robot  pr-1 fa-fw&#34;&gt;&lt;/i&gt; This excerpt from &#34;Mind Design II&#34; explores belief attribution. The passage presents two opposing views on belief attribution: realism and interpretationism. The author argues that belief is an objective phenomenon that can be discerned through the intentional strategy, which treats the object of study as a rational agent with beliefs and desires. The passage emphasizes the effectiveness of the intentional strategy in predicting human behavior and addresses objections raised against it. It also discusses the relationship between an organization and its environment, the role of internal representations, and the reasons why the intentional strategy works. The author explores the belief that most beliefs must be true, the distinction between belief and opinion, and the challenges with language-of-thought models. --&gt;
&lt;p&gt;&lt;i class=&#34;fas fa-chalkboard-teacher  pr-1 fa-fw&#34;&gt;&lt;/i&gt; Some philosophy for a change. If you&amp;rsquo;ve not heard of Dennett, he is one of the most influential philosophers of cognitive science and has some interesting views on consciousness, free will and many other things (evolution, religion). He is also known for this &amp;lsquo;intentional stance&amp;rsquo; idea which helps clarify what it means to think about the private mental states of others.
&lt;/details&gt;&lt;/td&gt;
&lt;/tr&gt;
&lt;tr&gt;
&lt;td style=&#34;text-align:center&#34;&gt;
  &lt;i class=&#34;fas fa-scroll  pr-1 fa-fw&#34;&gt;&lt;/i&gt; Jara-Ettinger, J., Gweon, H., Schulz, L. E., &amp;amp; Tenenbaum, J. B. (2016).&lt;/td&gt;
&lt;td style=&#34;text-align:left&#34;&gt;&lt;details&gt;
  &lt;summary&gt;The naïve utility calculus: Computational principles underlying commonsense psychology. &lt;em&gt;Trends in Cognitive Sciences&lt;/em&gt;, 20(8), 589-604.&lt;/summary&gt;
  &lt;!-- 
  &lt;i class=&#34;fas fa-robot  pr-1 fa-fw&#34;&gt;&lt;/i&gt; The article proposes human social cognition is structured around a basic understanding of ourselves and others as intuitive utility maximizers: From a young age, humans implicitly assume that agents choose goals and actions to maximize the rewards they expect to obtain relative to the costs they expect to incur. It argues this ‘naïve utility calculus’ allows both children and adults observe the behavior of others and infer their beliefs and desires, their longer-term knowledge and preferences, and even their character: who is knowledgeable or competent, who is praiseworthy or blameworthy, who is friendly, indifferent, or an enemy. The article reviews studies providing support for the naïve utility calculus, and shows how it captures the rich social reasoning humans engage in from infancy. --&gt;
&lt;p&gt;&lt;i class=&#34;fas fa-chalkboard-teacher  pr-1 fa-fw&#34;&gt;&lt;/i&gt; Fast forward 30 years from Mind Design, and we see the intentional stance ideas startign to be formalized in computational Bayesian framework, capturing how one can &lt;em&gt;invert&lt;/em&gt; behaviours to identify someone&amp;rsquo;s likely beliefs, values etc. Note also the connections with Development and Rationality topics.
&lt;/details&gt;&lt;/td&gt;
&lt;/tr&gt;
&lt;/tbody&gt;
&lt;/table&gt;
&lt;h2 id=&#34;secondary-readings&#34;&gt;Secondary Readings&lt;/h2&gt;
&lt;p&gt;The presenter should read and incorporate at least two of these.&lt;/p&gt;
&lt;table&gt;
&lt;thead&gt;
&lt;tr&gt;
&lt;th style=&#34;text-align:center&#34;&gt;&lt;/th&gt;
&lt;th style=&#34;text-align:left&#34;&gt;&lt;/th&gt;
&lt;/tr&gt;
&lt;/thead&gt;
&lt;tbody&gt;
&lt;tr&gt;
&lt;td style=&#34;text-align:center&#34;&gt;
  &lt;i class=&#34;fas fa-scroll  pr-1 fa-fw&#34;&gt;&lt;/i&gt; Baker, C. L., Saxe, R., &amp;amp; Tenenbaum, J. B. (2009).&lt;/td&gt;
&lt;td style=&#34;text-align:left&#34;&gt;&lt;details&gt;
  &lt;summary&gt;Action understanding as inverse planning. &lt;em&gt;Cognition&lt;/em&gt;, 113(3), 329-349.&lt;/summary&gt;
  &lt;p&gt;&lt;i class=&#34;fas fa-robot  pr-1 fa-fw&#34;&gt;&lt;/i&gt; This article presents a computational framework for modeling human action understanding using Bayesian inverse planning. The authors conducted psychophysical experiments to assess the accuracy of different inverse planning models in predicting human goal inferences. The results show evidence for a rational inference mechanism in human goal inference. The framework provides a formal approach to understanding rational action and goal inference in humans.&lt;/p&gt;
&lt;p&gt;&lt;i class=&#34;fas fa-chalkboard-teacher  pr-1 fa-fw&#34;&gt;&lt;/i&gt; Here&amp;rsquo;s a more detailed example of this project modelling theory of mind style inferences as rational inverse planning. The food truck scenarios are proven popular and sprouted &amp;lsquo;spinoff&amp;rsquo; projects in the decade since this paper.&lt;/p&gt;

&lt;/details&gt;&lt;/td&gt;
&lt;/tr&gt;
&lt;tr&gt;
&lt;td style=&#34;text-align:center&#34;&gt;
  &lt;i class=&#34;fas fa-scroll  pr-1 fa-fw&#34;&gt;&lt;/i&gt; Heider, F., &amp;amp; Simmel, M. (1944).&lt;/td&gt;
&lt;td style=&#34;text-align:left&#34;&gt;&lt;details&gt;
  &lt;summary&gt;An experimental study of apparent behavior. &lt;em&gt;The American Journal of Psychology&lt;/em&gt;, 57(2), 243-259.&lt;/summary&gt;
  &lt;p&gt;&lt;i class=&#34;fas fa-robot  pr-1 fa-fw&#34;&gt;&lt;/i&gt; The study aimed to understand how individuals perceive and interpret the behavior of others based on visual stimuli. The authors highlight the lack of experimental investigations in this area and emphasize the importance of studying the psychology of perception in relation to apparent behavior. The study involved showing participants a moving picture-film featuring geometric shapes moving in various directions and speeds. Participants were asked to describe the pictures and answer questions about them. The findings revealed that participants tended to interpret the movements as actions of animate beings, attributing personalities and motives to the shapes. The study demonstrates that humans have a tendency to perceive and attribute behavior to abstract shapes, suggesting a fundamental psychological process involved in perceiving others&amp;rsquo; behavior.&lt;/p&gt;
&lt;p&gt;&lt;i class=&#34;fas fa-chalkboard-teacher  pr-1 fa-fw&#34;&gt;&lt;/i&gt; This very old article is really most famous for its stimuli (&lt;a href=&#34;https://www.youtube.com/watch?v=VTNmLt7QX8E%29&#34; target=&#34;_blank&#34; rel=&#34;noopener&#34;&gt;https://www.youtube.com/watch?v=VTNmLt7QX8E)&lt;/a&gt;. One still tends to see this clip in the introduction to talks about social cognition (its not a bad idea to include it in your own presentation!). It is striking how irresistible it is to take ``the intentional stance&amp;rsquo;&amp;rsquo; a la Dennett, and assign motivations and personality traits to these simple geometric shapes being moved around on an overhead projector.&lt;/p&gt;

&lt;/details&gt;&lt;/td&gt;
&lt;/tr&gt;
&lt;tr&gt;
&lt;td style=&#34;text-align:center&#34;&gt;
  &lt;i class=&#34;fas fa-scroll  pr-1 fa-fw&#34;&gt;&lt;/i&gt; Baron-Cohen, S., Leslie, A. M., &amp;amp; Frith, U. (1985).&lt;/td&gt;
&lt;td style=&#34;text-align:left&#34;&gt;&lt;details&gt;
  &lt;summary&gt;Does the autistic child have a “theory of mind”? &lt;em&gt;Cognition&lt;/em&gt;, 21(1), 37-46.&lt;/summary&gt;
  &lt;p&gt;&lt;i class=&#34;fas fa-robot  pr-1 fa-fw&#34;&gt;&lt;/i&gt; This article explores whether autistic children lack a &amp;ldquo;theory of mind,&amp;rdquo; which refers to the ability to understand and predict the beliefs and behaviors of others. The study compares the performance of autistic children to that of normal children and children with Down&amp;rsquo;s syndrome using a puppet play paradigm. The research suggests that despite having a higher mental age than the comparison groups, autistic children fail to impute beliefs to others, indicating a deficit in meta-representational development specific to autism. This deficit contributes to the social impairment experienced by autistic children. The authors propose a new model of meta-representational development that suggests the capacity to form &amp;ldquo;second-order representations&amp;rdquo; is necessary for a theory of mind. Autistic children not only struggle with social ineptness but also exhibit a lack of pretend play.&lt;/p&gt;
&lt;p&gt;&lt;i class=&#34;fas fa-chalkboard-teacher  pr-1 fa-fw&#34;&gt;&lt;/i&gt; Again this paper is most famous for its stimuli, the &amp;lsquo;Sally-Ann False Belief Task&amp;rsquo; which probes whether someone is capable of Theory of Mind reasoning. Who is Simon Baron-Cohen&amp;rsquo;s famous cousin?&lt;/p&gt;

&lt;/details&gt;&lt;/td&gt;
&lt;/tr&gt;
&lt;/tbody&gt;
&lt;/table&gt;
&lt;!-- | 
  &lt;i class=&#34;fas fa-scroll  pr-1 fa-fw&#34;&gt;&lt;/i&gt; Richardson, H., Lisandrelli, G., Riobueno-Naylor, A., &amp; Saxe, R. (2018). | &lt;details&gt;
  &lt;summary&gt;Development of the social brain from age three to twelve years. &lt;em&gt;Nature Communications&lt;/em&gt;, 9(1), 1-12.&lt;/summary&gt;
  &lt;p&gt;&lt;i class=&#34;fas fa-robot  pr-1 fa-fw&#34;&gt;&lt;/i&gt; This study examines the development of the &amp;ldquo;social brain&amp;rdquo; in children aged three to twelve. The researchers investigate how the neural networks involved in thinking about others&amp;rsquo; bodies and minds change as children develop. They found that these networks become increasingly distinct throughout childhood, and their functional maturity is related to the correlation between them. The milestone of passing false-belief tasks, often used to measure theory of mind development, does not align with the development of the social brain.&lt;/p&gt;
&lt;p&gt;The study used fMRI to identify divisions of labor within the adult social brain and aimed to understand the neural changes that support the development of children&amp;rsquo;s understanding of others&amp;rsquo; minds. The results suggest that the regions involved in reasoning about others&amp;rsquo; minds and bodies are functionally distinct by the age of 3 and become increasingly specialized between the ages of 3-12. There was also a distinct neural response to others&amp;rsquo; minds and bodies even before children pass explicit false-belief tasks.&lt;/p&gt;
&lt;p&gt;The study found that children who passed false-belief tasks and had more distinct responses across brain networks showed more adult-like responses to the movie in each network.&lt;/p&gt;

&lt;/details&gt; | --&gt;
&lt;h2 id=&#34;questions-under-discussion&#34;&gt;Questions under discussion&lt;/h2&gt;
&lt;ul&gt;
&lt;li&gt;Can you think of situations where people make the wrong theory of mind ascriptions (i.e. something with little or no mental life that we we assume does have it, and visa versa)?&lt;/li&gt;
&lt;li&gt;What are some challenges for developing artificial agents with theory of mind&lt;/li&gt;
&lt;li&gt;Is the Baron-Cohen view of autism still current?&lt;/li&gt;
&lt;/ul&gt;
</description>
    </item>
    
    <item>
      <title>Ecology</title>
      <link>https://eco.ppls.ed.ac.uk/~nbramley/msc/scm23/projects/ecology/</link>
      <pubDate>Sat, 01 Jul 2023 09:58:49 +0100</pubDate>
      <guid>https://eco.ppls.ed.ac.uk/~nbramley/msc/scm23/projects/ecology/</guid>
      <description>&lt;p&gt;Agents operate in an environment but most experiments construct sterile, artificial environments to exert epistemic control. So is looking at the environment worthwhile or can we understand cognition by looking at agents in fixed environments?&lt;/p&gt;
&lt;h2 id=&#34;primary-readings&#34;&gt;Primary Readings&lt;/h2&gt;
&lt;p&gt;Everyone should read these and be prepared to discuss.&lt;/p&gt;
&lt;table&gt;
&lt;thead&gt;
&lt;tr&gt;
&lt;th style=&#34;text-align:center&#34;&gt;&lt;/th&gt;
&lt;th style=&#34;text-align:left&#34;&gt;&lt;/th&gt;
&lt;/tr&gt;
&lt;/thead&gt;
&lt;tbody&gt;
&lt;tr&gt;
&lt;td style=&#34;text-align:center&#34;&gt;
  &lt;i class=&#34;fas fa-scroll  pr-1 fa-fw&#34;&gt;&lt;/i&gt; Anderson, J. R., &amp;amp; Schooler, L. J. (1991)&lt;/td&gt;
&lt;td style=&#34;text-align:left&#34;&gt;Reflections of the environment in memory. &lt;em&gt;Psychological Science&lt;/em&gt;, 2(6), 396-408.&lt;/td&gt;
&lt;/tr&gt;
&lt;tr&gt;
&lt;td style=&#34;text-align:center&#34;&gt;
  &lt;i class=&#34;fas fa-scroll  pr-1 fa-fw&#34;&gt;&lt;/i&gt; Shepard, R. N. (1987)&lt;/td&gt;
&lt;td style=&#34;text-align:left&#34;&gt;Toward a universal law of generalization for psychological science. &lt;em&gt;Science&lt;/em&gt;, 237(4820), 1317-1323.&lt;/td&gt;
&lt;/tr&gt;
&lt;/tbody&gt;
&lt;/table&gt;
&lt;!--&lt;details&gt;
  &lt;summary&gt;&lt;/summary&gt;
  &lt;p&gt;&lt;i class=&#34;fas fa-robot  pr-1 fa-fw&#34;&gt;&lt;/i&gt; In this article, the author proposes the concept of a universal law of generalization for psychological science. They argue that a psychological space can be established for any set of stimuli by determining metric distances between them. The probability of a response learned to one stimulus can then generalize to any other stimulus in an invariant and monotonic function of the distance between them.\n\nThe author highlights the importance of generalization in psychological science and discusses the challenges in quantifying and understanding it. They propose a novel approach to studying generalization by utilizing nonmetric multidimensional scaling to determine an invariant monotonic function that transforms generalization measures into interpretable numbers as distances in a psychological space.\n\nThe article also discusses the exponential decay nature of generalization probabilities and the empirical regularities observed in different experiments. The author suggests that these regularities can be explained by universal principles and evolutionary internalization that govern the behavior of all sentient organisms.\n\nIn conclusion, the author argues that a universal law of generalization in psychology is not only feasible but also essential. They provide empirical evidence, theoretical rationale, and the potential of nonmetric multidimensional scaling as a means to achieve this goal.&lt;/p&gt;
&lt;p&gt;&lt;i class=&#34;fas fa-chalkboard-teacher  pr-1 fa-fw&#34;&gt;&lt;/i&gt; This paper often appears on lists of the N most important papers in cognitive science. It sits at the heart of core topics including categorization, concepts, development, induction and ecology.&lt;/p&gt;

&lt;/details&gt;  --&gt;
&lt;h2 id=&#34;secondary-readings&#34;&gt;Secondary Readings&lt;/h2&gt;
&lt;p&gt;The presenter should read and incorporate at least two of these:&lt;/p&gt;
&lt;table&gt;
&lt;thead&gt;
&lt;tr&gt;
&lt;th style=&#34;text-align:center&#34;&gt;&lt;/th&gt;
&lt;th style=&#34;text-align:left&#34;&gt;&lt;/th&gt;
&lt;/tr&gt;
&lt;/thead&gt;
&lt;tbody&gt;
&lt;tr&gt;
&lt;td style=&#34;text-align:center&#34;&gt;
  &lt;i class=&#34;fas fa-scroll  pr-1 fa-fw&#34;&gt;&lt;/i&gt; Griffiths, T. L., &amp;amp; Tenenbaum, J. B. (2006).&lt;/td&gt;
&lt;td style=&#34;text-align:left&#34;&gt;&lt;details&gt;
  &lt;summary&gt;Optimal predictions in everyday cognition. &lt;em&gt;Psychological Science&lt;/em&gt;, 17(9), 767-773.&lt;/summary&gt;
  &lt;p&gt;&lt;i class=&#34;fas fa-robot  pr-1 fa-fw&#34;&gt;&lt;/i&gt; This research article explores the optimality of human cognition in everyday situations and whether cognitive judgments align with optimal statistical principles. The study investigates various domains, including life spans, movie grosses, poem lengths, baking times, waiting times, and reigns of pharaohs. The results demonstrate that people&amp;rsquo;s predictions in most domains closely match the optimal Bayesian predictions based on empirical prior distributions.&lt;/p&gt;
&lt;p&gt;&lt;i class=&#34;fas fa-chalkboard-teacher  pr-1 fa-fw&#34;&gt;&lt;/i&gt; This one could easily be in the Rationality&amp;quot; topic, but I put it here to highlight that effective inductive biases are effective because they reflect actual environmental statistics.&lt;/p&gt;

&lt;/details&gt;&lt;/td&gt;
&lt;/tr&gt;
&lt;tr&gt;
&lt;td style=&#34;text-align:center&#34;&gt;
  &lt;i class=&#34;fas fa-scroll  pr-1 fa-fw&#34;&gt;&lt;/i&gt; Feldman, J. (2012)&lt;/td&gt;
&lt;td style=&#34;text-align:left&#34;&gt;&lt;details&gt;
  &lt;summary&gt;Symbolic representation of probabilistic worlds. &lt;em&gt;Cognition&lt;/em&gt;, 123(1), 61-83.&lt;/summary&gt;
  &lt;i class=&#34;fas fa-robot  pr-1 fa-fw&#34;&gt;&lt;/i&gt; The article discusses the use of symbolic representation in cognitive science, specifically in probabilistic worlds. The author introduces the concept of modality and argues that symbolic representation depends on the probabilistic structure of the environment. The paper proposes that modal environments, which consist of mixtures of narrow component distributions, can be represented symbolically with minimal information loss. The author also explores the relationship between discrete symbols and continuous variables, as well as the challenges of working with mixtures. The article discusses the implications of modality in the environment and how it affects an observer&amp;rsquo;s ability to represent and comprehend it. It concludes that environments with multiple modes or peaks can be effectively represented by symbols, while arbitrary environments cannot. The paper also examines the reduction of dimensions and how modal environments can be approximated by symbolic variables. Overall, the paper aims to show that symbolic representations in cognitive science are effective in capturing the probabilistic structure of modal worlds.
&lt;/details&gt;&lt;/td&gt;
&lt;/tr&gt;
&lt;tr&gt;
&lt;td style=&#34;text-align:center&#34;&gt;
  &lt;i class=&#34;fas fa-scroll  pr-1 fa-fw&#34;&gt;&lt;/i&gt; Harnad, S. (1990)&lt;/td&gt;
&lt;td style=&#34;text-align:left&#34;&gt;&lt;details&gt;
  &lt;summary&gt;The symbol grounding problem. &lt;em&gt;Physica D: Nonlinear Phenomena&lt;/em&gt;, 42(1-3), 335-346.&lt;/summary&gt;
  &lt;i class=&#34;fas fa-robot  pr-1 fa-fw&#34;&gt;&lt;/i&gt; This paper by Stevan Harnad, published in 1990, explores the symbol grounding problem and the role of connectionism in cognitive modeling. It suggests that symbols can be grounded in nonsymbolic representations, such as iconic and categorical representations, in order to give them meaning. The paper discusses the strengths and weaknesses of both connectionism and symbolism, and proposes a hybrid model that combines these approaches to address the limitations of each. It also discusses the transition from behaviorism to cognitivism in the modeling of the mind, and explores the defining characteristics of a symbol system. The paper concludes that addressing the symbol grounding problem is crucial for understanding complex cognitive capacities, and that a cooperative approach between connectionism and symbolism is necessary for a comprehensive cognitive model. Overall, the paper highlights the challenges and potential solutions in giving meaning to symbols within a formal symbol system, and discusses the importance of grounding symbols in nonsymbolic representations.
&lt;/details&gt;&lt;/td&gt;
&lt;/tr&gt;
&lt;/tbody&gt;
&lt;/table&gt;
&lt;!-- | 
  &lt;i class=&#34;fas fa-scroll  pr-1 fa-fw&#34;&gt;&lt;/i&gt; Barsalou, L. W. (1999) | &lt;details&gt;
  &lt;summary&gt;Perceptual symbol systems. &lt;em&gt;Behavioral and Brain Sciences&lt;/em&gt;, 22(4), 577-660.&lt;/summary&gt;
  &lt;i class=&#34;fas fa-robot  pr-1 fa-fw&#34;&gt;&lt;/i&gt;
&lt;/details&gt; | --&gt;
&lt;h2 id=&#34;questions-under-discussion&#34;&gt;Questions under discussion&lt;/h2&gt;
&lt;ul&gt;
&lt;li&gt;Is the environment worth studying?&lt;/li&gt;
&lt;li&gt;What is the target for the grounding problem?&lt;/li&gt;
&lt;/ul&gt;
</description>
    </item>
    
  </channel>
</rss>
