<?xml version="1.0" encoding="utf-8" standalone="yes" ?>
<rss version="2.0" xmlns:atom="http://www.w3.org/2005/Atom">
  <channel>
    <title>Categories | Seminar in Cognitive Modelling</title>
    <link>https://eco.ppls.ed.ac.uk/~nbramley/msc/scm23/categories/</link>
      <atom:link href="https://eco.ppls.ed.ac.uk/~nbramley/msc/scm23/categories/index.xml" rel="self" type="application/rss+xml" />
    <description>Categories</description>
    <generator>Wowchemy (https://wowchemy.com)</generator><language>en-us</language><lastBuildDate>Sun, 13 Dec 2020 00:00:00 +0000</lastBuildDate>
    <image>
      <url>https://eco.ppls.ed.ac.uk/~nbramley/msc/scm23/media/icon_huc79e2fc44413a67bc233ec068ab552e1_1379979_512x512_fill_lanczos_center_3.png</url>
      <title>Categories</title>
      <link>https://eco.ppls.ed.ac.uk/~nbramley/msc/scm23/categories/</link>
    </image>
    
  </channel>
</rss>
